id,name,filePath,startLine,endLine,level,content,description
"Section:README.md:L1:Nova GUI Monitor","Nova GUI Monitor","README.md",1,18,1,"# Nova GUI Monitor

> Windows 电脑 GUI 自动化 CLI 工具 — 纯 Win32 API，零 GUI 依赖

通过命令行控制 Windows 桌面：截图、鼠标点击、键盘输入、窗口管理。专为 AI Agent 设计，所有输出均为 JSON 格式。

## ✨ 特性

- **纯 CLI** — 无需启动 GUI，直接命令行调用
- **纯 Win32 API** — 不依赖 pyautogui、PyQt 等第三方 GUI 库
- **DPI 感知** — 自动处理高分屏缩放，坐标精确
- **中文输入** — 支持剪贴板、拼音输入法、Unicode SendInput 三种方式
- **HTTP API** — 可选的 REST API 服务，支持远程控制
- **Chat Agent** — 集成 GPT-4o Vision 的聊天自动监控与回复（实验性）

##  安装

```bash
# 克隆仓库
git clone https://github.com/Novansz/gui-monitor.git
cd gui-monitor","h1"
"Section:README.md:L7:✨ 特性","✨ 特性","README.md",7,15,2,"
## ✨ 特性

- **纯 CLI** — 无需启动 GUI，直接命令行调用
- **纯 Win32 API** — 不依赖 pyautogui、PyQt 等第三方 GUI 库
- **DPI 感知** — 自动处理高分屏缩放，坐标精确
- **中文输入** — 支持剪贴板、拼音输入法、Unicode SendInput 三种方式
- **HTTP API** — 可选的 REST API 服务，支持远程控制
- **Chat Agent** — 集成 GPT-4o Vision 的聊天自动监控与回复（实验性）

##  安装

```bash","h2"
"Section:README.md:L16: 安装"," 安装","README.md",16,18,2,"
##  安装

```bash
# 克隆仓库
git clone https://github.com/Novansz/gui-monitor.git
cd gui-monitor","h2"
"Section:README.md:L19:克隆仓库","克隆仓库","README.md",19,22,1,"```bash
# 克隆仓库
git clone https://github.com/Novansz/gui-monitor.git
cd gui-monitor

# 安装（推荐虚拟环境）
pip install .
","h1"
"Section:README.md:L23:安装（推荐虚拟环境）","安装（推荐虚拟环境）","README.md",23,25,1,"
# 安装（推荐虚拟环境）
pip install .

# 带 Chat Agent 支持
pip install "".[chat]""
```","h1"
"Section:README.md:L26:带 Chat Agent 支持","带 Chat Agent 支持","README.md",26,32,1,"
# 带 Chat Agent 支持
pip install "".[chat]""
```

##  快速开始

```bash
# 查看帮助
python -m gui_monitor --help
","h1"
"Section:README.md:L30: 快速开始"," 快速开始","README.md",30,32,2,"
##  快速开始

```bash
# 查看帮助
python -m gui_monitor --help
","h2"
"Section:README.md:L33:查看帮助","查看帮助","README.md",33,35,1,"```bash
# 查看帮助
python -m gui_monitor --help

# 屏幕信息
python -m gui_monitor info
","h1"
"Section:README.md:L36:屏幕信息","屏幕信息","README.md",36,38,1,"
# 屏幕信息
python -m gui_monitor info

# 截图保存
python -m gui_monitor screenshot --save screen.png
","h1"
"Section:README.md:L39:截图保存","截图保存","README.md",39,41,1,"
# 截图保存
python -m gui_monitor screenshot --save screen.png

# 点击坐标 (500, 300)
python -m gui_monitor click 500 300
","h1"
"Section:README.md:L42:点击坐标 (500, 300)","点击坐标 (500, 300)","README.md",42,44,1,"
# 点击坐标 (500, 300)
python -m gui_monitor click 500 300

# 输入中文
python -m gui_monitor type ""你好世界""
","h1"
"Section:README.md:L45:输入中文","输入中文","README.md",45,47,1,"
# 输入中文
python -m gui_monitor type ""你好世界""

# 聚焦窗口
python -m gui_monitor focus ""记事本""
```","h1"
"Section:README.md:L48:聚焦窗口","聚焦窗口","README.md",48,78,1,"
# 聚焦窗口
python -m gui_monitor focus ""记事本""
```

##  命令参考

| 命令 | 别名 | 功能 |
|------|------|------|
| `screenshot` | `ss` | 截取屏幕（支持全屏/区域/窗口） |
| `click` | | 点击指定坐标 |
| `move` | | 移动鼠标 |
| `drag` | | 拖拽操作 |
| `scroll` | | 滚轮滚动 |
| `type` | | 输入文本（支持中文） |
| `type-pinyin` | `tp` | 通过拼音输入法输入中文 |
| `type-unicode` | `tu` | 通过 Unicode SendInput 输入 |
| `key` | | 按键操作 |
| `hotkey` | | 组合键 |
| `windows` | `wl` | 列出所有窗口 |
| `focus` | | 聚焦窗口（支持模糊匹配） |
| `window-info` | `wi` | 获取窗口详细信息 |
| `foreground` | `fg` | 获取当前前台窗口 |
| `info` | | 屏幕和显示器信息 |
| `cursor` | `pos` | 当前鼠标位置 |
| `serve` | | 启动 HTTP API 服务 |
| `chat-agent` | `ca` | 聊天自动监控与回复 |
| `chat-learn` | `cl` | 从聊天记录学习风格 |

### 截图示例

```bash
# 全屏截图
python -m gui_monitor screenshot --save screen.png
","h1"
"Section:README.md:L52: 命令参考"," 命令参考","README.md",52,78,2,"
##  命令参考

| 命令 | 别名 | 功能 |
|------|------|------|
| `screenshot` | `ss` | 截取屏幕（支持全屏/区域/窗口） |
| `click` | | 点击指定坐标 |
| `move` | | 移动鼠标 |
| `drag` | | 拖拽操作 |
| `scroll` | | 滚轮滚动 |
| `type` | | 输入文本（支持中文） |
| `type-pinyin` | `tp` | 通过拼音输入法输入中文 |
| `type-unicode` | `tu` | 通过 Unicode SendInput 输入 |
| `key` | | 按键操作 |
| `hotkey` | | 组合键 |
| `windows` | `wl` | 列出所有窗口 |
| `focus` | | 聚焦窗口（支持模糊匹配） |
| `window-info` | `wi` | 获取窗口详细信息 |
| `foreground` | `fg` | 获取当前前台窗口 |
| `info` | | 屏幕和显示器信息 |
| `cursor` | `pos` | 当前鼠标位置 |
| `serve` | | 启动 HTTP API 服务 |
| `chat-agent` | `ca` | 聊天自动监控与回复 |
| `chat-learn` | `cl` | 从聊天记录学习风格 |

### 截图示例

```bash
# 全屏截图
python -m gui_monitor screenshot --save screen.png
","h2"
"Section:README.md:L76:截图示例","截图示例","README.md",76,78,3,"
### 截图示例

```bash
# 全屏截图
python -m gui_monitor screenshot --save screen.png
","h3"
"Section:README.md:L79:全屏截图","全屏截图","README.md",79,81,1,"```bash
# 全屏截图
python -m gui_monitor screenshot --save screen.png

# 区域截图（物理坐标 x,y,width,height）
python -m gui_monitor screenshot --region 100,200,800,600 --save region.png
","h1"
"Section:README.md:L82:区域截图（物理坐标 x,y,width,height）","区域截图（物理坐标 x,y,width,height）","README.md",82,84,1,"
# 区域截图（物理坐标 x,y,width,height）
python -m gui_monitor screenshot --region 100,200,800,600 --save region.png

# 按窗口标题截图
python -m gui_monitor screenshot --window ""记事本"" --save notepad.png
","h1"
"Section:README.md:L85:按窗口标题截图","按窗口标题截图","README.md",85,87,1,"
# 按窗口标题截图
python -m gui_monitor screenshot --window ""记事本"" --save notepad.png

# 输出 Base64（适合 API 调用）
python -m gui_monitor screenshot --base64
```","h1"
"Section:README.md:L88:输出 Base64（适合 API 调用）","输出 Base64（适合 API 调用）","README.md",88,94,1,"
# 输出 Base64（适合 API 调用）
python -m gui_monitor screenshot --base64
```

### 鼠标操作

```bash
# 右键点击
python -m gui_monitor click 500 300 --right
","h1"
"Section:README.md:L92:鼠标操作","鼠标操作","README.md",92,94,3,"
### 鼠标操作

```bash
# 右键点击
python -m gui_monitor click 500 300 --right
","h3"
"Section:README.md:L95:右键点击","右键点击","README.md",95,97,1,"```bash
# 右键点击
python -m gui_monitor click 500 300 --right

# 双击
python -m gui_monitor click 500 300 --double
","h1"
"Section:README.md:L98:双击","双击","README.md",98,100,1,"
# 双击
python -m gui_monitor click 500 300 --double

# 平滑移动（0.5 秒缓动）
python -m gui_monitor move 800 600 --duration 0.5
","h1"
"Section:README.md:L101:平滑移动（0.5 秒缓动）","平滑移动（0.5 秒缓动）","README.md",101,103,1,"
# 平滑移动（0.5 秒缓动）
python -m gui_monitor move 800 600 --duration 0.5

# 拖拽
python -m gui_monitor drag 100 100 500 500 --duration 1.0
","h1"
"Section:README.md:L104:拖拽","拖拽","README.md",104,106,1,"
# 拖拽
python -m gui_monitor drag 100 100 500 500 --duration 1.0

# 滚动（正=上，负=下）
python -m gui_monitor scroll -3 --x 500 --y 400
```","h1"
"Section:README.md:L107:滚动（正=上，负=下）","滚动（正=上，负=下）","README.md",107,113,1,"
# 滚动（正=上，负=下）
python -m gui_monitor scroll -3 --x 500 --y 400
```

### 键盘操作

```bash
# 按 Enter
python -m gui_monitor key enter
","h1"
"Section:README.md:L111:键盘操作","键盘操作","README.md",111,113,3,"
### 键盘操作

```bash
# 按 Enter
python -m gui_monitor key enter
","h3"
"Section:README.md:L114:按 Enter","按 Enter","README.md",114,116,1,"```bash
# 按 Enter
python -m gui_monitor key enter

# 组合键 Ctrl+C
python -m gui_monitor hotkey ctrl c
","h1"
"Section:README.md:L117:组合键 Ctrl+C","组合键 Ctrl+C","README.md",117,119,1,"
# 组合键 Ctrl+C
python -m gui_monitor hotkey ctrl c

# 输入中文（通过剪贴板粘贴）
python -m gui_monitor type ""你好世界""
","h1"
"Section:README.md:L120:输入中文（通过剪贴板粘贴）","输入中文（通过剪贴板粘贴）","README.md",120,122,1,"
# 输入中文（通过剪贴板粘贴）
python -m gui_monitor type ""你好世界""

# 通过拼音输入法
python -m gui_monitor type-pinyin ""你好""
","h1"
"Section:README.md:L123:通过拼音输入法","通过拼音输入法","README.md",123,125,1,"
# 通过拼音输入法
python -m gui_monitor type-pinyin ""你好""

# 通过 Unicode SendInput
python -m gui_monitor type-unicode ""你好世界""
```","h1"
"Section:README.md:L126:通过 Unicode SendInput","通过 Unicode SendInput","README.md",126,132,1,"
# 通过 Unicode SendInput
python -m gui_monitor type-unicode ""你好世界""
```

### 窗口管理

```bash
# 列出所有窗口
python -m gui_monitor windows
","h1"
"Section:README.md:L130:窗口管理","窗口管理","README.md",130,132,3,"
### 窗口管理

```bash
# 列出所有窗口
python -m gui_monitor windows
","h3"
"Section:README.md:L133:列出所有窗口","列出所有窗口","README.md",133,135,1,"```bash
# 列出所有窗口
python -m gui_monitor windows

# JSON 格式输出
python -m gui_monitor windows --json
","h1"
"Section:README.md:L136:JSON 格式输出","JSON 格式输出","README.md",136,138,1,"
# JSON 格式输出
python -m gui_monitor windows --json

# 聚焦窗口（模糊匹配标题）
python -m gui_monitor focus ""微信""
","h1"
"Section:README.md:L139:聚焦窗口（模糊匹配标题）","聚焦窗口（模糊匹配标题）","README.md",139,141,1,"
# 聚焦窗口（模糊匹配标题）
python -m gui_monitor focus ""微信""

# 获取窗口信息
python -m gui_monitor window-info ""Chrome""
```","h1"
"Section:README.md:L142:获取窗口信息","获取窗口信息","README.md",142,148,1,"
# 获取窗口信息
python -m gui_monitor window-info ""Chrome""
```

##  HTTP API

```bash
# 启动 API 服务
python -m gui_monitor serve --port 8765
```","h1"
"Section:README.md:L146: HTTP API"," HTTP API","README.md",146,148,2,"
##  HTTP API

```bash
# 启动 API 服务
python -m gui_monitor serve --port 8765
```","h2"
"Section:README.md:L149:启动 API 服务","启动 API 服务","README.md",149,168,1,"```bash
# 启动 API 服务
python -m gui_monitor serve --port 8765
```

| 方法 | 路径 | 功能 |
|------|------|------|
| GET | `/info` | 屏幕信息 |
| GET | `/screenshot` | 全屏截图 (JPEG) |
| GET | `/cursor` | 鼠标位置 |
| GET | `/windows` | 窗口列表 |
| POST | `/click` | 点击 `{x, y, button, clicks}` |
| POST | `/type` | 输入文本 `{text}` |
| POST | `/hotkey` | 组合键 `{keys: [...]}` |
| POST | `/focus` | 聚焦窗口 `{title}` |

##  Chat Agent（实验性）

集成 GPT-4o Vision 的聊天自动监控与回复系统：

```bash
# 设置 API Key
set OPENAI_API_KEY=sk-xxx
","h1"
"Section:README.md:L164: Chat Agent（实验性）"," Chat Agent（实验性）","README.md",164,168,2,"
##  Chat Agent（实验性）

集成 GPT-4o Vision 的聊天自动监控与回复系统：

```bash
# 设置 API Key
set OPENAI_API_KEY=sk-xxx
","h2"
"Section:README.md:L169:设置 API Key","设置 API Key","README.md",169,171,1,"```bash
# 设置 API Key
set OPENAI_API_KEY=sk-xxx

# 审核模式（推荐）— 每条回复需确认
python -m gui_monitor chat-agent --contact ""Linda"" --mode review
","h1"
"Section:README.md:L172:审核模式（推荐）— 每条回复需确认","审核模式（推荐）— 每条回复需确认","README.md",172,174,1,"
# 审核模式（推荐）— 每条回复需确认
python -m gui_monitor chat-agent --contact ""Linda"" --mode review

# 通知模式 — 仅提醒，不回复
python -m gui_monitor chat-agent --contact ""群聊"" --mode notify
","h1"
"Section:README.md:L175:通知模式 — 仅提醒，不回复","通知模式 — 仅提醒，不回复","README.md",175,177,1,"
# 通知模式 — 仅提醒，不回复
python -m gui_monitor chat-agent --contact ""群聊"" --mode notify

# 自动模式 — 完全自动回复（谨慎使用）
python -m gui_monitor chat-agent --contact ""Linda"" --mode auto
```","h1"
"Section:README.md:L178:自动模式 — 完全自动回复（谨慎使用）","自动模式 — 完全自动回复（谨慎使用）","README.md",178,191,1,"
# 自动模式 — 完全自动回复（谨慎使用）
python -m gui_monitor chat-agent --contact ""Linda"" --mode auto
```

## ⚙️ 系统要求

- **操作系统**: Windows 10 1703+ / Windows 11
- **Python**: 3.10+
- **DPI**: 自动适配（支持 100%~250% 缩放）

##  License

[MIT](LICENSE)
","h1"
"Section:README.md:L182:⚙️ 系统要求","⚙️ 系统要求","README.md",182,187,2,"
## ⚙️ 系统要求

- **操作系统**: Windows 10 1703+ / Windows 11
- **Python**: 3.10+
- **DPI**: 自动适配（支持 100%~250% 缩放）

##  License

[MIT](LICENSE)","h2"
"Section:README.md:L188: License"," License","README.md",188,191,2,"
##  License

[MIT](LICENSE)
","h2"
"Section:docs/USAGE.md:L1:GUI Monitor v2 — Claude Code / AI Agent 使用说明","GUI Monitor v2 — Claude Code / AI Agent 使用说明","docs/USAGE.md",1,11,1,"# GUI Monitor v2 — Claude Code / AI Agent 使用说明

本项目是一个 Windows 电脑自动化 CLI 工具，AI Agent 可通过命令行直接控制屏幕操作。

**无需启动 GUI、无需 HTTP 服务 — 直接命令行调用。**

## 快速开始

```bash
cd ""C:/Users/Novansz/OneDrive/产品开发/软件/GUI电脑app自动化""

# 查看帮助
python -m gui_monitor --help
","h1"
"Section:docs/USAGE.md:L7:快速开始","快速开始","docs/USAGE.md",7,11,2,"
## 快速开始

```bash
cd ""C:/Users/Novansz/OneDrive/产品开发/软件/GUI电脑app自动化""

# 查看帮助
python -m gui_monitor --help
","h2"
"Section:docs/USAGE.md:L12:查看帮助","查看帮助","docs/USAGE.md",12,14,1,"
# 查看帮助
python -m gui_monitor --help

# 查看屏幕信息
python -m gui_monitor info
","h1"
"Section:docs/USAGE.md:L15:查看屏幕信息","查看屏幕信息","docs/USAGE.md",15,17,1,"
# 查看屏幕信息
python -m gui_monitor info

# 截图
python -m gui_monitor screenshot --save screen.png
```","h1"
"Section:docs/USAGE.md:L18:截图","截图","docs/USAGE.md",18,26,1,"
# 截图
python -m gui_monitor screenshot --save screen.png
```

## 所有命令

### 截图

```bash
# 全屏截图
python -m gui_monitor screenshot --save screen.png
","h1"
"Section:docs/USAGE.md:L22:所有命令","所有命令","docs/USAGE.md",22,26,2,"
## 所有命令

### 截图

```bash
# 全屏截图
python -m gui_monitor screenshot --save screen.png
","h2"
"Section:docs/USAGE.md:L24:截图","截图","docs/USAGE.md",24,26,3,"
### 截图

```bash
# 全屏截图
python -m gui_monitor screenshot --save screen.png
","h3"
"Section:docs/USAGE.md:L27:全屏截图","全屏截图","docs/USAGE.md",27,29,1,"```bash
# 全屏截图
python -m gui_monitor screenshot --save screen.png

# 区域截图（物理坐标 x,y,width,height）
python -m gui_monitor screenshot --region 100,200,800,600 --save region.png
","h1"
"Section:docs/USAGE.md:L30:区域截图（物理坐标 x,y,width,height）","区域截图（物理坐标 x,y,width,height）","docs/USAGE.md",30,32,1,"
# 区域截图（物理坐标 x,y,width,height）
python -m gui_monitor screenshot --region 100,200,800,600 --save region.png

# 按窗口标题截图
python -m gui_monitor screenshot --window ""记事本"" --save notepad.png
","h1"
"Section:docs/USAGE.md:L33:按窗口标题截图","按窗口标题截图","docs/USAGE.md",33,35,1,"
# 按窗口标题截图
python -m gui_monitor screenshot --window ""记事本"" --save notepad.png

# 输出 Base64（适合 API 调用）
python -m gui_monitor screenshot --base64
```","h1"
"Section:docs/USAGE.md:L36:输出 Base64（适合 API 调用）","输出 Base64（适合 API 调用）","docs/USAGE.md",36,42,1,"
# 输出 Base64（适合 API 调用）
python -m gui_monitor screenshot --base64
```

### 鼠标操作

```bash
# 左键单击
python -m gui_monitor click 500 300
","h1"
"Section:docs/USAGE.md:L40:鼠标操作","鼠标操作","docs/USAGE.md",40,42,3,"
### 鼠标操作

```bash
# 左键单击
python -m gui_monitor click 500 300
","h3"
"Section:docs/USAGE.md:L43:左键单击","左键单击","docs/USAGE.md",43,45,1,"```bash
# 左键单击
python -m gui_monitor click 500 300

# 右键
python -m gui_monitor click 500 300 --right
","h1"
"Section:docs/USAGE.md:L46:右键","右键","docs/USAGE.md",46,48,1,"
# 右键
python -m gui_monitor click 500 300 --right

# 双击
python -m gui_monitor click 500 300 --double
","h1"
"Section:docs/USAGE.md:L49:双击","双击","docs/USAGE.md",49,51,1,"
# 双击
python -m gui_monitor click 500 300 --double

# 移动鼠标
python -m gui_monitor move 500 300
","h1"
"Section:docs/USAGE.md:L52:移动鼠标","移动鼠标","docs/USAGE.md",52,54,1,"
# 移动鼠标
python -m gui_monitor move 500 300

# 平滑移动（0.5 秒）
python -m gui_monitor move 500 300 --duration 0.5
","h1"
"Section:docs/USAGE.md:L55:平滑移动（0.5 秒）","平滑移动（0.5 秒）","docs/USAGE.md",55,57,1,"
# 平滑移动（0.5 秒）
python -m gui_monitor move 500 300 --duration 0.5

# 拖拽（从 100,100 到 300,200）
python -m gui_monitor drag 100 100 300 200
","h1"
"Section:docs/USAGE.md:L58:拖拽（从 100,100 到 300,200）","拖拽（从 100,100 到 300,200）","docs/USAGE.md",58,60,1,"
# 拖拽（从 100,100 到 300,200）
python -m gui_monitor drag 100 100 300 200

# 滚轮（正=上, 负=下）
python -m gui_monitor scroll -3
python -m gui_monitor scroll 5 --x 500 --y 300","h1"
"Section:docs/USAGE.md:L61:滚轮（正=上, 负=下）","滚轮（正=上, 负=下）","docs/USAGE.md",61,68,1,"
# 滚轮（正=上, 负=下）
python -m gui_monitor scroll -3
python -m gui_monitor scroll 5 --x 500 --y 300
```

### 键盘操作

```bash
# 按键
python -m gui_monitor key enter
python -m gui_monitor key tab","h1"
"Section:docs/USAGE.md:L66:键盘操作","键盘操作","docs/USAGE.md",66,68,3,"
### 键盘操作

```bash
# 按键
python -m gui_monitor key enter
python -m gui_monitor key tab","h3"
"Section:docs/USAGE.md:L69:按键","按键","docs/USAGE.md",69,74,1,"```bash
# 按键
python -m gui_monitor key enter
python -m gui_monitor key tab
python -m gui_monitor key f5
python -m gui_monitor key a --presses 5

# 组合键
python -m gui_monitor hotkey ctrl c
python -m gui_monitor hotkey ctrl shift s","h1"
"Section:docs/USAGE.md:L75:组合键","组合键","docs/USAGE.md",75,79,1,"
# 组合键
python -m gui_monitor hotkey ctrl c
python -m gui_monitor hotkey ctrl shift s
python -m gui_monitor hotkey alt f4

# 输入文本（支持中文！）
python -m gui_monitor type ""Hello World""
python -m gui_monitor type ""你好世界""","h1"
"Section:docs/USAGE.md:L80:输入文本（支持中文！）","输入文本（支持中文！）","docs/USAGE.md",80,83,1,"
# 输入文本（支持中文！）
python -m gui_monitor type ""Hello World""
python -m gui_monitor type ""你好世界""

# ASCII 模式（逐字符按键，不走剪贴板）
python -m gui_monitor type ""hello"" --ascii
```","h1"
"Section:docs/USAGE.md:L84:ASCII 模式（逐字符按键，不走剪贴板）","ASCII 模式（逐字符按键，不走剪贴板）","docs/USAGE.md",84,90,1,"
# ASCII 模式（逐字符按键，不走剪贴板）
python -m gui_monitor type ""hello"" --ascii
```

### 窗口管理

```bash
# 列出所有窗口
python -m gui_monitor windows
","h1"
"Section:docs/USAGE.md:L88:窗口管理","窗口管理","docs/USAGE.md",88,90,3,"
### 窗口管理

```bash
# 列出所有窗口
python -m gui_monitor windows
","h3"
"Section:docs/USAGE.md:L91:列出所有窗口","列出所有窗口","docs/USAGE.md",91,93,1,"```bash
# 列出所有窗口
python -m gui_monitor windows

# JSON 格式输出
python -m gui_monitor windows --json
","h1"
"Section:docs/USAGE.md:L94:JSON 格式输出","JSON 格式输出","docs/USAGE.md",94,96,1,"
# JSON 格式输出
python -m gui_monitor windows --json

# 聚焦窗口（支持模糊匹配）
python -m gui_monitor focus ""记事本""
python -m gui_monitor focus ""Chrome""","h1"
"Section:docs/USAGE.md:L97:聚焦窗口（支持模糊匹配）","聚焦窗口（支持模糊匹配）","docs/USAGE.md",97,100,1,"
# 聚焦窗口（支持模糊匹配）
python -m gui_monitor focus ""记事本""
python -m gui_monitor focus ""Chrome""

# 获取窗口信息
python -m gui_monitor window-info ""记事本""
","h1"
"Section:docs/USAGE.md:L101:获取窗口信息","获取窗口信息","docs/USAGE.md",101,103,1,"
# 获取窗口信息
python -m gui_monitor window-info ""记事本""

# 获取当前前台窗口
python -m gui_monitor foreground
```","h1"
"Section:docs/USAGE.md:L104:获取当前前台窗口","获取当前前台窗口","docs/USAGE.md",104,110,1,"
# 获取当前前台窗口
python -m gui_monitor foreground
```

### 屏幕信息

```bash
# 屏幕尺寸、DPI、显示器列表
python -m gui_monitor info
","h1"
"Section:docs/USAGE.md:L108:屏幕信息","屏幕信息","docs/USAGE.md",108,110,3,"
### 屏幕信息

```bash
# 屏幕尺寸、DPI、显示器列表
python -m gui_monitor info
","h3"
"Section:docs/USAGE.md:L111:屏幕尺寸、DPI、显示器列表","屏幕尺寸、DPI、显示器列表","docs/USAGE.md",111,113,1,"```bash
# 屏幕尺寸、DPI、显示器列表
python -m gui_monitor info

# 当前鼠标位置
python -m gui_monitor cursor
```","h1"
"Section:docs/USAGE.md:L114:当前鼠标位置","当前鼠标位置","docs/USAGE.md",114,120,1,"
# 当前鼠标位置
python -m gui_monitor cursor
```

### HTTP API 服务（可选，兼容 v1）

```bash
# 启动 HTTP API 服务
python -m gui_monitor serve --port 8765
```","h1"
"Section:docs/USAGE.md:L118:HTTP API 服务（可选，兼容 v1）","HTTP API 服务（可选，兼容 v1）","docs/USAGE.md",118,120,3,"
### HTTP API 服务（可选，兼容 v1）

```bash
# 启动 HTTP API 服务
python -m gui_monitor serve --port 8765
```","h3"
"Section:docs/USAGE.md:L121:启动 HTTP API 服务","启动 HTTP API 服务","docs/USAGE.md",121,127,1,"```bash
# 启动 HTTP API 服务
python -m gui_monitor serve --port 8765
```

### 聊天代理（Chat Agent）

```bash
# 监控微信联系人（审核模式 — 默认）
python -m gui_monitor chat-agent --contact ""Linda"" --api-key sk-xxx
","h1"
"Section:docs/USAGE.md:L125:聊天代理（Chat Agent）","聊天代理（Chat Agent）","docs/USAGE.md",125,127,3,"
### 聊天代理（Chat Agent）

```bash
# 监控微信联系人（审核模式 — 默认）
python -m gui_monitor chat-agent --contact ""Linda"" --api-key sk-xxx
","h3"
"Section:docs/USAGE.md:L128:监控微信联系人（审核模式 — 默认）","监控微信联系人（审核模式 — 默认）","docs/USAGE.md",128,130,1,"```bash
# 监控微信联系人（审核模式 — 默认）
python -m gui_monitor chat-agent --contact ""Linda"" --api-key sk-xxx

# 自动回复群聊
python -m gui_monitor chat-agent -c ""四条龙"" -m auto --interval 15
","h1"
"Section:docs/USAGE.md:L131:自动回复群聊","自动回复群聊","docs/USAGE.md",131,133,1,"
# 自动回复群聊
python -m gui_monitor chat-agent -c ""四条龙"" -m auto --interval 15

# 仅通知模式（不回复，只报告新消息）
python -m gui_monitor chat-agent -c ""王哥"" -m notify -i 10
","h1"
"Section:docs/USAGE.md:L134:仅通知模式（不回复，只报告新消息）","仅通知模式（不回复，只报告新消息）","docs/USAGE.md",134,136,1,"
# 仅通知模式（不回复，只报告新消息）
python -m gui_monitor chat-agent -c ""王哥"" -m notify -i 10

# 使用自定义风格配置
python -m gui_monitor chat-agent -c ""Linda"" --style my_style.yaml
","h1"
"Section:docs/USAGE.md:L137:使用自定义风格配置","使用自定义风格配置","docs/USAGE.md",137,139,1,"
# 使用自定义风格配置
python -m gui_monitor chat-agent -c ""Linda"" --style my_style.yaml

# 指定发送快捷键
python -m gui_monitor chat-agent -c ""Linda"" --send-key ""ctrl enter""
```","h1"
"Section:docs/USAGE.md:L140:指定发送快捷键","指定发送快捷键","docs/USAGE.md",140,146,1,"
# 指定发送快捷键
python -m gui_monitor chat-agent -c ""Linda"" --send-key ""ctrl enter""
```

### 风格学习

```bash
# 从聊天记录学习用户说话风格
python -m gui_monitor chat-learn
","h1"
"Section:docs/USAGE.md:L144:风格学习","风格学习","docs/USAGE.md",144,146,3,"
### 风格学习

```bash
# 从聊天记录学习用户说话风格
python -m gui_monitor chat-learn
","h3"
"Section:docs/USAGE.md:L147:从聊天记录学习用户说话风格","从聊天记录学习用户说话风格","docs/USAGE.md",147,149,1,"```bash
# 从聊天记录学习用户说话风格
python -m gui_monitor chat-learn

# 指定聊天记录目录和输出路径
python -m gui_monitor chat-learn --history ./my_chats --output my_style.yaml
```","h1"
"Section:docs/USAGE.md:L150:指定聊天记录目录和输出路径","指定聊天记录目录和输出路径","docs/USAGE.md",150,156,1,"
# 指定聊天记录目录和输出路径
python -m gui_monitor chat-learn --history ./my_chats --output my_style.yaml
```

### 拼音输入（中文搜索框）

```bash
# 通过拼音输入法输入中文（适合微信搜索框等 Qt 控件）
python -m gui_monitor type-pinyin 四条龙
","h1"
"Section:docs/USAGE.md:L154:拼音输入（中文搜索框）","拼音输入（中文搜索框）","docs/USAGE.md",154,156,3,"
### 拼音输入（中文搜索框）

```bash
# 通过拼音输入法输入中文（适合微信搜索框等 Qt 控件）
python -m gui_monitor type-pinyin 四条龙
","h3"
"Section:docs/USAGE.md:L157:通过拼音输入法输入中文（适合微信搜索框等 Qt 控件）","通过拼音输入法输入中文（适合微信搜索框等 Qt 控件）","docs/USAGE.md",157,159,1,"```bash
# 通过拼音输入法输入中文（适合微信搜索框等 Qt 控件）
python -m gui_monitor type-pinyin 四条龙

# 通过 Unicode SendInput 输入（适合标准控件）
python -m gui_monitor type-unicode 你好世界
```","h1"
"Section:docs/USAGE.md:L160:通过 Unicode SendInput 输入（适合标准控件）","通过 Unicode SendInput 输入（适合标准控件）","docs/USAGE.md",160,168,1,"
# 通过 Unicode SendInput 输入（适合标准控件）
python -m gui_monitor type-unicode 你好世界
```

## 常用操作示例

### 打开程序并输入

```bash
# 1. 聚焦窗口
python -m gui_monitor focus ""记事本""
","h1"
"Section:docs/USAGE.md:L164:常用操作示例","常用操作示例","docs/USAGE.md",164,168,2,"
## 常用操作示例

### 打开程序并输入

```bash
# 1. 聚焦窗口
python -m gui_monitor focus ""记事本""
","h2"
"Section:docs/USAGE.md:L166:打开程序并输入","打开程序并输入","docs/USAGE.md",166,168,3,"
### 打开程序并输入

```bash
# 1. 聚焦窗口
python -m gui_monitor focus ""记事本""
","h3"
"Section:docs/USAGE.md:L169:1. 聚焦窗口","1. 聚焦窗口","docs/USAGE.md",169,171,1,"```bash
# 1. 聚焦窗口
python -m gui_monitor focus ""记事本""

# 2. 输入文本
python -m gui_monitor type ""自动化测试内容""
","h1"
"Section:docs/USAGE.md:L172:2. 输入文本","2. 输入文本","docs/USAGE.md",172,174,1,"
# 2. 输入文本
python -m gui_monitor type ""自动化测试内容""

# 3. 保存（Ctrl+S）
python -m gui_monitor hotkey ctrl s
```","h1"
"Section:docs/USAGE.md:L175:3. 保存（Ctrl+S）","3. 保存（Ctrl+S）","docs/USAGE.md",175,181,1,"
# 3. 保存（Ctrl+S）
python -m gui_monitor hotkey ctrl s
```

### 截图 → 分析 → 点击

```bash
# 1. 截图
python -m gui_monitor screenshot --save current.png
","h1"
"Section:docs/USAGE.md:L179:截图 → 分析 → 点击","截图 → 分析 → 点击","docs/USAGE.md",179,181,3,"
### 截图 → 分析 → 点击

```bash
# 1. 截图
python -m gui_monitor screenshot --save current.png
","h3"
"Section:docs/USAGE.md:L182:1. 截图","1. 截图","docs/USAGE.md",182,184,1,"```bash
# 1. 截图
python -m gui_monitor screenshot --save current.png

# 2. AI 分析截图，确定目标坐标...

# 3. 点击目标","h1"
"Section:docs/USAGE.md:L185:2. AI 分析截图，确定目标坐标...","2. AI 分析截图，确定目标坐标...","docs/USAGE.md",185,186,1,"
# 2. AI 分析截图，确定目标坐标...

# 3. 点击目标
python -m gui_monitor click 1500 800
```","h1"
"Section:docs/USAGE.md:L187:3. 点击目标","3. 点击目标","docs/USAGE.md",187,193,1,"
# 3. 点击目标
python -m gui_monitor click 1500 800
```

### 窗口操作

```bash
# 1. 列出窗口找目标
python -m gui_monitor windows --json
","h1"
"Section:docs/USAGE.md:L191:窗口操作","窗口操作","docs/USAGE.md",191,193,3,"
### 窗口操作

```bash
# 1. 列出窗口找目标
python -m gui_monitor windows --json
","h3"
"Section:docs/USAGE.md:L194:1. 列出窗口找目标","1. 列出窗口找目标","docs/USAGE.md",194,196,1,"```bash
# 1. 列出窗口找目标
python -m gui_monitor windows --json

# 2. 聚焦目标窗口
python -m gui_monitor focus ""目标窗口""
","h1"
"Section:docs/USAGE.md:L197:2. 聚焦目标窗口","2. 聚焦目标窗口","docs/USAGE.md",197,199,1,"
# 2. 聚焦目标窗口
python -m gui_monitor focus ""目标窗口""

# 3. 获取窗口位置进行区域截图
python -m gui_monitor window-info ""目标窗口""
python -m gui_monitor screenshot --window ""目标窗口"" --save target.png","h1"
"Section:docs/USAGE.md:L200:3. 获取窗口位置进行区域截图","3. 获取窗口位置进行区域截图","docs/USAGE.md",200,207,1,"
# 3. 获取窗口位置进行区域截图
python -m gui_monitor window-info ""目标窗口""
python -m gui_monitor screenshot --window ""目标窗口"" --save target.png
```

### 微信群聊自动化

```bash
# 1. 搜索并打开群聊
python -m gui_monitor focus 微信
python -m gui_monitor hotkey ctrl f          # 打开搜索","h1"
"Section:docs/USAGE.md:L205:微信群聊自动化","微信群聊自动化","docs/USAGE.md",205,207,3,"
### 微信群聊自动化

```bash
# 1. 搜索并打开群聊
python -m gui_monitor focus 微信
python -m gui_monitor hotkey ctrl f          # 打开搜索","h3"
"Section:docs/USAGE.md:L208:1. 搜索并打开群聊","1. 搜索并打开群聊","docs/USAGE.md",208,215,1,"```bash
# 1. 搜索并打开群聊
python -m gui_monitor focus 微信
python -m gui_monitor hotkey ctrl f          # 打开搜索
sleep 2
python -m gui_monitor type-pinyin 四条龙     # 拼音输入中文
sleep 2
python -m gui_monitor key enter              # 选择结果

# 2. 发送消息
python -m gui_monitor type ""你好大家""         # 剪贴板输入（聊天框支持）
python -m gui_monitor hotkey alt s           # 发送","h1"
"Section:docs/USAGE.md:L216:2. 发送消息","2. 发送消息","docs/USAGE.md",216,219,1,"
# 2. 发送消息
python -m gui_monitor type ""你好大家""         # 剪贴板输入（聊天框支持）
python -m gui_monitor hotkey alt s           # 发送

# 3. 或使用集成代理自动监控
python -m gui_monitor chat-agent -c ""四条龙"" -m review
```","h1"
"Section:docs/USAGE.md:L220:3. 或使用集成代理自动监控","3. 或使用集成代理自动监控","docs/USAGE.md",220,297,1,"
# 3. 或使用集成代理自动监控
python -m gui_monitor chat-agent -c ""四条龙"" -m review
```

## 输出格式

所有命令输出 **JSON 格式**，方便 AI 解析：

```json
{""success"": true, ""x"": 500, ""y"": 300, ""button"": ""left"", ""clicks"": 1}
```

错误时输出到 stderr：
```json
{""error"": ""未找到窗口: '不存在'"", ""type"": ""ValueError""}
```

## 坐标系

> **所有坐标均为物理像素坐标**（DPI Aware 模式）。
> 
> 你的屏幕: 3840x2160, DPI 缩放 175%
>
> 坐标范围: (0,0) 到 (3839, 2159)

## 项目结构 (v2)

```
GUI电脑app自动化/
├── gui_monitor/
│   ├── __init__.py          # 包初始化（轻量）
│   ├── __main__.py          # CLI 入口：python -m gui_monitor
│   ├── cli.py               # 命令行解析（18 个子命令）
│   ├── chat_agent.py        # 聊天代理（监控/回复/风格学习）
│   ├── server.py            # HTTP API 服务（可选）
│   ├── core/
│   │   ├── screen.py        # 截图（mss）
│   │   ├── input.py         # 鼠标键盘（Win32 API + 拼音输入）
│   │   └── window.py        # 窗口管理（Win32 API）
│   └── utils/
│       ├── dpi.py           # DPI 工具
│       └── clipboard.py     # 剪贴板（中文输入）
├── chat_agent_data/
│   ├── workflows/           # Workflow Recipes（操作经验）
│   │   ├── workflow_wechat_search_contact.yaml
│   │   └── workflow_wechat_send_message.yaml
│   ├── history/             # 聊天记录（风格学习用）
│   ├── logs/                # 自动回复日志
│   ├── screenshots/         # 截图缓存
│   └── style_profile.yaml   # 风格配置
├── run.py                   # v1 GUI 启动入口（保留）
└── requirements.txt         # 依赖
```

## 依赖

v2 最小依赖：
- `mss` — 高性能截图
- `Pillow` — 图片处理
- `pypinyin` — 中文拼音转换（type-pinyin 命令）
- `pyyaml` — YAML 配置读写

Chat Agent 额外依赖：
- `openai` — GPT-4o 视觉分析

v1 GUI 额外依赖（仅 run.py 需要）：
- `PyQt6` / `pyautogui` / `opencv-python` / `numpy`

## 输入法策略

| 场景 | 方法 | 命令 |
|------|------|------|
| 标准输入框 + 中文 | 剪贴板粘贴 | `type ""中文""` |
| 微信搜索框 + 中文 | 拼音输入法 | `type-pinyin 中文` |
| 标准控件 + Unicode | SendInput Unicode | `type-unicode 文本` |
| 任何地方 + ASCII | 逐字符按键 | `type ""hello"" --ascii` |

","h1"
"Section:docs/USAGE.md:L224:输出格式","输出格式","docs/USAGE.md",224,236,2,"
## 输出格式

所有命令输出 **JSON 格式**，方便 AI 解析：

```json
{""success"": true, ""x"": 500, ""y"": 300, ""button"": ""left"", ""clicks"": 1}
```

错误时输出到 stderr：
```json
{""error"": ""未找到窗口: '不存在'"", ""type"": ""ValueError""}
```

## 坐标系

> **所有坐标均为物理像素坐标**（DPI Aware 模式）。","h2"
"Section:docs/USAGE.md:L237:坐标系","坐标系","docs/USAGE.md",237,244,2,"
## 坐标系

> **所有坐标均为物理像素坐标**（DPI Aware 模式）。
> 
> 你的屏幕: 3840x2160, DPI 缩放 175%
>
> 坐标范围: (0,0) 到 (3839, 2159)

## 项目结构 (v2)

```","h2"
"Section:docs/USAGE.md:L245:项目结构 (v2)","项目结构 (v2)","docs/USAGE.md",245,273,2,"
## 项目结构 (v2)

```
GUI电脑app自动化/
├── gui_monitor/
│   ├── __init__.py          # 包初始化（轻量）
│   ├── __main__.py          # CLI 入口：python -m gui_monitor
│   ├── cli.py               # 命令行解析（18 个子命令）
│   ├── chat_agent.py        # 聊天代理（监控/回复/风格学习）
│   ├── server.py            # HTTP API 服务（可选）
│   ├── core/
│   │   ├── screen.py        # 截图（mss）
│   │   ├── input.py         # 鼠标键盘（Win32 API + 拼音输入）
│   │   └── window.py        # 窗口管理（Win32 API）
│   └── utils/
│       ├── dpi.py           # DPI 工具
│       └── clipboard.py     # 剪贴板（中文输入）
├── chat_agent_data/
│   ├── workflows/           # Workflow Recipes（操作经验）
│   │   ├── workflow_wechat_search_contact.yaml
│   │   └── workflow_wechat_send_message.yaml
│   ├── history/             # 聊天记录（风格学习用）
│   ├── logs/                # 自动回复日志
│   ├── screenshots/         # 截图缓存
│   └── style_profile.yaml   # 风格配置
├── run.py                   # v1 GUI 启动入口（保留）
└── requirements.txt         # 依赖
```

## 依赖

v2 最小依赖：","h2"
"Section:docs/USAGE.md:L274:依赖","依赖","docs/USAGE.md",274,287,2,"
## 依赖

v2 最小依赖：
- `mss` — 高性能截图
- `Pillow` — 图片处理
- `pypinyin` — 中文拼音转换（type-pinyin 命令）
- `pyyaml` — YAML 配置读写

Chat Agent 额外依赖：
- `openai` — GPT-4o 视觉分析

v1 GUI 额外依赖（仅 run.py 需要）：
- `PyQt6` / `pyautogui` / `opencv-python` / `numpy`

## 输入法策略

| 场景 | 方法 | 命令 |","h2"
"Section:docs/USAGE.md:L288:输入法策略","输入法策略","docs/USAGE.md",288,297,2,"
## 输入法策略

| 场景 | 方法 | 命令 |
|------|------|------|
| 标准输入框 + 中文 | 剪贴板粘贴 | `type ""中文""` |
| 微信搜索框 + 中文 | 拼音输入法 | `type-pinyin 中文` |
| 标准控件 + Unicode | SendInput Unicode | `type-unicode 文本` |
| 任何地方 + ASCII | 逐字符按键 | `type ""hello"" --ascii` |

","h2"
"Section:docs/PRD.md:L1:GUI Monitor - 产品需求文档 (PRD)","GUI Monitor - 产品需求文档 (PRD)","docs/PRD.md",1,232,1,"# GUI Monitor - 产品需求文档 (PRD)

## 1. 产品概述

### 1.1 产品名称
GUI Monitor（GUI 电脑 App 自动化监控工具）

### 1.2 产品定位
一个 Windows 桌面工具，用于定义屏幕监控区域，并提供 HTTP API 供 Claude Code 或其他自动化脚本控制鼠标键盘操作。

### 1.3 目标用户
- 开发者：需要自动化测试 GUI 应用
- Claude Code 用户：需要让 AI 操作电脑屏幕
- RPA 开发者：需要快速定义操作区域

### 1.4 核心价值
- **区域选择**：可视化拖拽定义监控/操作区域
- **API 控制**：通过 HTTP API 远程控制鼠标键盘
- **DPI 兼容**：支持高分辨率屏幕（4K + 150%/175% 缩放）

---

## 2. 功能需求

### 2.1 区域选择窗口

| 功能 | 描述 | 状态 |
|------|------|------|
| 透明边框 | 窗口透明，只显示蓝色边框，底层内容可见 | ✅ 已实现 |
| 拖拽移动 | 拖拽窗口内部移动位置 | ✅ 已实现 |
| 拖拽调整大小 | 拖拽 8 个角落/边缘调整窗口大小 | ✅ 已实现 |
| 坐标显示 | 实时显示物理坐标和窗口尺寸 | ✅ 已实现 |
| 最小尺寸限制 | 窗口最小 100×80 像素 | ✅ 已实现 |

### 2.2 悬浮工具栏

| 功能 | 描述 | 状态 |
|------|------|------|
| 全屏按钮 | 切换到全屏监控模式 | ✅ 已实现 |
| 区域按钮 | 切换到区域选择模式 | ✅ 已实现 |
| 穿透/操作切换 | 切换鼠标穿透模式 | ✅ 已实现 |
| 坐标显示 | 实时显示鼠标坐标 | ✅ 已实现 |
| 关闭按钮 | 退出程序 | ✅ 已实现 |

### 2.3 HTTP API

| 接口 | 方法 | 描述 | 状态 |
|------|------|------|------|
| `/region` | GET | 获取当前监控区域坐标 | ✅ 已实现 |
| `/state` | GET | 获取鼠标状态 | ✅ 已实现 |
| `/screenshot` | GET | 获取当前截图 (PNG) | ✅ 已实现 |
| `/info` | GET | 获取屏幕尺寸和区域信息 | ✅ 已实现 |
| `/click` | POST | 点击指定坐标 | ✅ 已实现 |
| `/move` | POST | 移动鼠标 | ✅ 已实现 |
| `/drag` | POST | 拖拽操作 | ✅ 已实现 |
| `/scroll` | POST | 滚轮滚动 | ✅ 已实现 |
| `/key` | POST | 按键操作 | ✅ 已实现 |
| `/typewrite` | POST | 输入文本 | ✅ 已实现 |
| `/hotkey` | POST | 组合键 | ✅ 已实现 |

### 2.4 IPC 文件

| 文件 | 描述 | 状态 |
|------|------|------|
| `region.json` | 当前监控区域坐标 | ✅ 已实现 |
| `state.json` | 鼠标实时状态 | ✅ 已实现 |
| `screenshot.png` | 当前截图 | ✅ 已实现 |

---

## 3. 技术架构

### 3.1 技术栈
- **语言**: Python 3.12
- **GUI 框架**: PyQt6
- **截图**: QScreen.grabWindow() / mss
- **自动化**: pyautogui
- **HTTP 服务**: Python 内置 http.server

### 3.2 项目结构
```
GUI电脑app自动化/
├── run.py                   # 启动入口
├── requirements.txt         # 依赖
├── CLAUDE.md               # Claude Code 使用说明
├── PRD.md                  # 产品需求文档（本文件）
├── config.py               # 配置（已废弃，移至 gui_monitor/）
└── gui_monitor/
    ├── __init__.py
    ├── config.py           # 配置文件
    ├── main.py             # 主程序入口
    ├── region_selector.py  # 区域选择窗口
    ├── overlay_window.py   # 全屏覆盖层
    ├── control_bar.py      # 悬浮工具栏
    ├── api_server.py       # HTTP API 服务
    ├── ipc.py              # JSON 文件 IPC
    ├── screen_capture.py   # 屏幕截图
    └── dpi.py              # DPI 转换工具
```

### 3.3 关键技术点

#### 3.3.1 DPI 感知
- Windows 高分屏使用 150%/175% 缩放
- Qt geometry() 返回逻辑坐标
- pyautogui/mss 使用物理坐标
- 解决方案：`SetProcessDpiAwareness(2)` + 坐标转换

#### 3.3.2 透明窗口
- `WA_TranslucentBackground` 实现窗口透明
- 底层内容自然透过，无需截图循环
- 避免闪烁问题

---

## 4. 接口规范

### 4.1 HTTP API 详细说明

#### GET /region
返回当前监控区域坐标。
```json
{
  ""x"": 1520,
  ""y"": 780,
  ""width"": 800,
  ""height"": 600,
  ""mode"": ""region"",
  ""timestamp"": 1648123456.789
}
```

#### POST /click
点击指定坐标。
```json
// 请求
{
  ""x"": 500,
  ""y"": 300,
  ""button"": ""left"",    // left | right | middle
  ""clicks"": 1,          // 1 = 单击, 2 = 双击
  ""delay"": 0            // 延迟秒数
}
// 响应
{
  ""success"": true,
  ""clicked"": [500, 300]
}
```

#### POST /drag
拖拽操作。
```json
// 请求
{
  ""start_x"": 100,
  ""start_y"": 100,
  ""end_x"": 300,
  ""end_y"": 200,
  ""duration"": 0.5
}
```

#### POST /hotkey
组合键。
```json
// 请求
{
  ""keys"": [""ctrl"", ""c""]
}
```

#### POST /typewrite
输入文本。
```json
// 请求
{
  ""text"": ""Hello World"",
  ""interval"": 0.1
}
```

---

## 5. 使用场景

### 5.1 场景一：自动化测试
1. 启动 GUI Monitor
2. 拖拽选择要测试的区域
3. 通过 API 获取区域截图
4. 使用 pyautogui 进行自动化操作

### 5.2 场景二：Claude Code 操作
1. 启动 GUI Monitor
2. Claude Code 通过 `/region` 获取当前区域
3. Claude Code 通过 `/screenshot` 获取截图分析
4. Claude Code 通过 `/click`、`/typewrite` 等操作屏幕

### 5.3 场景三：RPA 脚本
1. 启动 GUI Monitor
2. 读取 `region.json` 获取监控区域
3. 使用 pyautogui 在区域内操作

---

## 6. 后续规划

### 6.1 短期优化
- [ ] 添加系统托盘图标
- [ ] 支持多显示器
- [ ] 添加快捷键支持

### 6.2 中期功能
- [ ] OCR 文字识别
- [ ] 图像匹配点击
- [ ] 录制/回放操作

### 6.3 长期规划
- [ ] 跨平台支持（macOS/Linux）
- [ ] 云端 API 服务
- [ ] AI 自动化助手

---

## 7. 更新日志

### v0.1.0 (2025-03-25)
- 初始版本
- 实现区域选择窗口
- 实现 HTTP API
- 实现透明边框方案（解决 DPI 和闪烁问题）
","h1"
"Section:docs/PRD.md:L3:1. 产品概述","1. 产品概述","docs/PRD.md",3,22,2,"
## 1. 产品概述

### 1.1 产品名称
GUI Monitor（GUI 电脑 App 自动化监控工具）

### 1.2 产品定位
一个 Windows 桌面工具，用于定义屏幕监控区域，并提供 HTTP API 供 Claude Code 或其他自动化脚本控制鼠标键盘操作。

### 1.3 目标用户
- 开发者：需要自动化测试 GUI 应用
- Claude Code 用户：需要让 AI 操作电脑屏幕
- RPA 开发者：需要快速定义操作区域

### 1.4 核心价值
- **区域选择**：可视化拖拽定义监控/操作区域
- **API 控制**：通过 HTTP API 远程控制鼠标键盘
- **DPI 兼容**：支持高分辨率屏幕（4K + 150%/175% 缩放）

---

## 2. 功能需求

### 2.1 区域选择窗口","h2"
"Section:docs/PRD.md:L5:1.1 产品名称","1.1 产品名称","docs/PRD.md",5,7,3,"
### 1.1 产品名称
GUI Monitor（GUI 电脑 App 自动化监控工具）

### 1.2 产品定位
一个 Windows 桌面工具，用于定义屏幕监控区域，并提供 HTTP API 供 Claude Code 或其他自动化脚本控制鼠标键盘操作。
","h3"
"Section:docs/PRD.md:L8:1.2 产品定位","1.2 产品定位","docs/PRD.md",8,10,3,"
### 1.2 产品定位
一个 Windows 桌面工具，用于定义屏幕监控区域，并提供 HTTP API 供 Claude Code 或其他自动化脚本控制鼠标键盘操作。

### 1.3 目标用户
- 开发者：需要自动化测试 GUI 应用
- Claude Code 用户：需要让 AI 操作电脑屏幕","h3"
"Section:docs/PRD.md:L11:1.3 目标用户","1.3 目标用户","docs/PRD.md",11,15,3,"
### 1.3 目标用户
- 开发者：需要自动化测试 GUI 应用
- Claude Code 用户：需要让 AI 操作电脑屏幕
- RPA 开发者：需要快速定义操作区域

### 1.4 核心价值
- **区域选择**：可视化拖拽定义监控/操作区域
- **API 控制**：通过 HTTP API 远程控制鼠标键盘","h3"
"Section:docs/PRD.md:L16:1.4 核心价值","1.4 核心价值","docs/PRD.md",16,22,3,"
### 1.4 核心价值
- **区域选择**：可视化拖拽定义监控/操作区域
- **API 控制**：通过 HTTP API 远程控制鼠标键盘
- **DPI 兼容**：支持高分辨率屏幕（4K + 150%/175% 缩放）

---

## 2. 功能需求

### 2.1 区域选择窗口","h3"
"Section:docs/PRD.md:L23:2. 功能需求","2. 功能需求","docs/PRD.md",23,70,2,"
## 2. 功能需求

### 2.1 区域选择窗口

| 功能 | 描述 | 状态 |
|------|------|------|
| 透明边框 | 窗口透明，只显示蓝色边框，底层内容可见 | ✅ 已实现 |
| 拖拽移动 | 拖拽窗口内部移动位置 | ✅ 已实现 |
| 拖拽调整大小 | 拖拽 8 个角落/边缘调整窗口大小 | ✅ 已实现 |
| 坐标显示 | 实时显示物理坐标和窗口尺寸 | ✅ 已实现 |
| 最小尺寸限制 | 窗口最小 100×80 像素 | ✅ 已实现 |

### 2.2 悬浮工具栏

| 功能 | 描述 | 状态 |
|------|------|------|
| 全屏按钮 | 切换到全屏监控模式 | ✅ 已实现 |
| 区域按钮 | 切换到区域选择模式 | ✅ 已实现 |
| 穿透/操作切换 | 切换鼠标穿透模式 | ✅ 已实现 |
| 坐标显示 | 实时显示鼠标坐标 | ✅ 已实现 |
| 关闭按钮 | 退出程序 | ✅ 已实现 |

### 2.3 HTTP API

| 接口 | 方法 | 描述 | 状态 |
|------|------|------|------|
| `/region` | GET | 获取当前监控区域坐标 | ✅ 已实现 |
| `/state` | GET | 获取鼠标状态 | ✅ 已实现 |
| `/screenshot` | GET | 获取当前截图 (PNG) | ✅ 已实现 |
| `/info` | GET | 获取屏幕尺寸和区域信息 | ✅ 已实现 |
| `/click` | POST | 点击指定坐标 | ✅ 已实现 |
| `/move` | POST | 移动鼠标 | ✅ 已实现 |
| `/drag` | POST | 拖拽操作 | ✅ 已实现 |
| `/scroll` | POST | 滚轮滚动 | ✅ 已实现 |
| `/key` | POST | 按键操作 | ✅ 已实现 |
| `/typewrite` | POST | 输入文本 | ✅ 已实现 |
| `/hotkey` | POST | 组合键 | ✅ 已实现 |

### 2.4 IPC 文件

| 文件 | 描述 | 状态 |
|------|------|------|
| `region.json` | 当前监控区域坐标 | ✅ 已实现 |
| `state.json` | 鼠标实时状态 | ✅ 已实现 |
| `screenshot.png` | 当前截图 | ✅ 已实现 |

---

## 3. 技术架构

### 3.1 技术栈","h2"
"Section:docs/PRD.md:L25:2.1 区域选择窗口","2.1 区域选择窗口","docs/PRD.md",25,34,3,"
### 2.1 区域选择窗口

| 功能 | 描述 | 状态 |
|------|------|------|
| 透明边框 | 窗口透明，只显示蓝色边框，底层内容可见 | ✅ 已实现 |
| 拖拽移动 | 拖拽窗口内部移动位置 | ✅ 已实现 |
| 拖拽调整大小 | 拖拽 8 个角落/边缘调整窗口大小 | ✅ 已实现 |
| 坐标显示 | 实时显示物理坐标和窗口尺寸 | ✅ 已实现 |
| 最小尺寸限制 | 窗口最小 100×80 像素 | ✅ 已实现 |

### 2.2 悬浮工具栏

| 功能 | 描述 | 状态 |","h3"
"Section:docs/PRD.md:L35:2.2 悬浮工具栏","2.2 悬浮工具栏","docs/PRD.md",35,44,3,"
### 2.2 悬浮工具栏

| 功能 | 描述 | 状态 |
|------|------|------|
| 全屏按钮 | 切换到全屏监控模式 | ✅ 已实现 |
| 区域按钮 | 切换到区域选择模式 | ✅ 已实现 |
| 穿透/操作切换 | 切换鼠标穿透模式 | ✅ 已实现 |
| 坐标显示 | 实时显示鼠标坐标 | ✅ 已实现 |
| 关闭按钮 | 退出程序 | ✅ 已实现 |

### 2.3 HTTP API

| 接口 | 方法 | 描述 | 状态 |","h3"
"Section:docs/PRD.md:L45:2.3 HTTP API","2.3 HTTP API","docs/PRD.md",45,60,3,"
### 2.3 HTTP API

| 接口 | 方法 | 描述 | 状态 |
|------|------|------|------|
| `/region` | GET | 获取当前监控区域坐标 | ✅ 已实现 |
| `/state` | GET | 获取鼠标状态 | ✅ 已实现 |
| `/screenshot` | GET | 获取当前截图 (PNG) | ✅ 已实现 |
| `/info` | GET | 获取屏幕尺寸和区域信息 | ✅ 已实现 |
| `/click` | POST | 点击指定坐标 | ✅ 已实现 |
| `/move` | POST | 移动鼠标 | ✅ 已实现 |
| `/drag` | POST | 拖拽操作 | ✅ 已实现 |
| `/scroll` | POST | 滚轮滚动 | ✅ 已实现 |
| `/key` | POST | 按键操作 | ✅ 已实现 |
| `/typewrite` | POST | 输入文本 | ✅ 已实现 |
| `/hotkey` | POST | 组合键 | ✅ 已实现 |

### 2.4 IPC 文件

| 文件 | 描述 | 状态 |","h3"
"Section:docs/PRD.md:L61:2.4 IPC 文件","2.4 IPC 文件","docs/PRD.md",61,70,3,"
### 2.4 IPC 文件

| 文件 | 描述 | 状态 |
|------|------|------|
| `region.json` | 当前监控区域坐标 | ✅ 已实现 |
| `state.json` | 鼠标实时状态 | ✅ 已实现 |
| `screenshot.png` | 当前截图 | ✅ 已实现 |

---

## 3. 技术架构

### 3.1 技术栈","h3"
"Section:docs/PRD.md:L71:3. 技术架构","3. 技术架构","docs/PRD.md",71,115,2,"
## 3. 技术架构

### 3.1 技术栈
- **语言**: Python 3.12
- **GUI 框架**: PyQt6
- **截图**: QScreen.grabWindow() / mss
- **自动化**: pyautogui
- **HTTP 服务**: Python 内置 http.server

### 3.2 项目结构
```
GUI电脑app自动化/
├── run.py                   # 启动入口
├── requirements.txt         # 依赖
├── CLAUDE.md               # Claude Code 使用说明
├── PRD.md                  # 产品需求文档（本文件）
├── config.py               # 配置（已废弃，移至 gui_monitor/）
└── gui_monitor/
    ├── __init__.py
    ├── config.py           # 配置文件
    ├── main.py             # 主程序入口
    ├── region_selector.py  # 区域选择窗口
    ├── overlay_window.py   # 全屏覆盖层
    ├── control_bar.py      # 悬浮工具栏
    ├── api_server.py       # HTTP API 服务
    ├── ipc.py              # JSON 文件 IPC
    ├── screen_capture.py   # 屏幕截图
    └── dpi.py              # DPI 转换工具
```

### 3.3 关键技术点

#### 3.3.1 DPI 感知
- Windows 高分屏使用 150%/175% 缩放
- Qt geometry() 返回逻辑坐标
- pyautogui/mss 使用物理坐标
- 解决方案：`SetProcessDpiAwareness(2)` + 坐标转换

#### 3.3.2 透明窗口
- `WA_TranslucentBackground` 实现窗口透明
- 底层内容自然透过，无需截图循环
- 避免闪烁问题

---

## 4. 接口规范

### 4.1 HTTP API 详细说明","h2"
"Section:docs/PRD.md:L73:3.1 技术栈","3.1 技术栈","docs/PRD.md",73,79,3,"
### 3.1 技术栈
- **语言**: Python 3.12
- **GUI 框架**: PyQt6
- **截图**: QScreen.grabWindow() / mss
- **自动化**: pyautogui
- **HTTP 服务**: Python 内置 http.server

### 3.2 项目结构
```
GUI电脑app自动化/","h3"
"Section:docs/PRD.md:L80:3.2 项目结构","3.2 项目结构","docs/PRD.md",80,100,3,"
### 3.2 项目结构
```
GUI电脑app自动化/
├── run.py                   # 启动入口
├── requirements.txt         # 依赖
├── CLAUDE.md               # Claude Code 使用说明
├── PRD.md                  # 产品需求文档（本文件）
├── config.py               # 配置（已废弃，移至 gui_monitor/）
└── gui_monitor/
    ├── __init__.py
    ├── config.py           # 配置文件
    ├── main.py             # 主程序入口
    ├── region_selector.py  # 区域选择窗口
    ├── overlay_window.py   # 全屏覆盖层
    ├── control_bar.py      # 悬浮工具栏
    ├── api_server.py       # HTTP API 服务
    ├── ipc.py              # JSON 文件 IPC
    ├── screen_capture.py   # 屏幕截图
    └── dpi.py              # DPI 转换工具
```

### 3.3 关键技术点

#### 3.3.1 DPI 感知","h3"
"Section:docs/PRD.md:L101:3.3 关键技术点","3.3 关键技术点","docs/PRD.md",101,115,3,"
### 3.3 关键技术点

#### 3.3.1 DPI 感知
- Windows 高分屏使用 150%/175% 缩放
- Qt geometry() 返回逻辑坐标
- pyautogui/mss 使用物理坐标
- 解决方案：`SetProcessDpiAwareness(2)` + 坐标转换

#### 3.3.2 透明窗口
- `WA_TranslucentBackground` 实现窗口透明
- 底层内容自然透过，无需截图循环
- 避免闪烁问题

---

## 4. 接口规范

### 4.1 HTTP API 详细说明","h3"
"Section:docs/PRD.md:L103:3.3.1 DPI 感知","3.3.1 DPI 感知","docs/PRD.md",103,108,4,"
#### 3.3.1 DPI 感知
- Windows 高分屏使用 150%/175% 缩放
- Qt geometry() 返回逻辑坐标
- pyautogui/mss 使用物理坐标
- 解决方案：`SetProcessDpiAwareness(2)` + 坐标转换

#### 3.3.2 透明窗口
- `WA_TranslucentBackground` 实现窗口透明
- 底层内容自然透过，无需截图循环","h4"
"Section:docs/PRD.md:L109:3.3.2 透明窗口","3.3.2 透明窗口","docs/PRD.md",109,115,4,"
#### 3.3.2 透明窗口
- `WA_TranslucentBackground` 实现窗口透明
- 底层内容自然透过，无需截图循环
- 避免闪烁问题

---

## 4. 接口规范

### 4.1 HTTP API 详细说明","h4"
"Section:docs/PRD.md:L116:4. 接口规范","4. 接口规范","docs/PRD.md",116,184,2,"
## 4. 接口规范

### 4.1 HTTP API 详细说明

#### GET /region
返回当前监控区域坐标。
```json
{
  ""x"": 1520,
  ""y"": 780,
  ""width"": 800,
  ""height"": 600,
  ""mode"": ""region"",
  ""timestamp"": 1648123456.789
}
```

#### POST /click
点击指定坐标。
```json
// 请求
{
  ""x"": 500,
  ""y"": 300,
  ""button"": ""left"",    // left | right | middle
  ""clicks"": 1,          // 1 = 单击, 2 = 双击
  ""delay"": 0            // 延迟秒数
}
// 响应
{
  ""success"": true,
  ""clicked"": [500, 300]
}
```

#### POST /drag
拖拽操作。
```json
// 请求
{
  ""start_x"": 100,
  ""start_y"": 100,
  ""end_x"": 300,
  ""end_y"": 200,
  ""duration"": 0.5
}
```

#### POST /hotkey
组合键。
```json
// 请求
{
  ""keys"": [""ctrl"", ""c""]
}
```

#### POST /typewrite
输入文本。
```json
// 请求
{
  ""text"": ""Hello World"",
  ""interval"": 0.1
}
```

---

## 5. 使用场景

### 5.1 场景一：自动化测试","h2"
"Section:docs/PRD.md:L118:4.1 HTTP API 详细说明","4.1 HTTP API 详细说明","docs/PRD.md",118,184,3,"
### 4.1 HTTP API 详细说明

#### GET /region
返回当前监控区域坐标。
```json
{
  ""x"": 1520,
  ""y"": 780,
  ""width"": 800,
  ""height"": 600,
  ""mode"": ""region"",
  ""timestamp"": 1648123456.789
}
```

#### POST /click
点击指定坐标。
```json
// 请求
{
  ""x"": 500,
  ""y"": 300,
  ""button"": ""left"",    // left | right | middle
  ""clicks"": 1,          // 1 = 单击, 2 = 双击
  ""delay"": 0            // 延迟秒数
}
// 响应
{
  ""success"": true,
  ""clicked"": [500, 300]
}
```

#### POST /drag
拖拽操作。
```json
// 请求
{
  ""start_x"": 100,
  ""start_y"": 100,
  ""end_x"": 300,
  ""end_y"": 200,
  ""duration"": 0.5
}
```

#### POST /hotkey
组合键。
```json
// 请求
{
  ""keys"": [""ctrl"", ""c""]
}
```

#### POST /typewrite
输入文本。
```json
// 请求
{
  ""text"": ""Hello World"",
  ""interval"": 0.1
}
```

---

## 5. 使用场景

### 5.1 场景一：自动化测试","h3"
"Section:docs/PRD.md:L120:GET /region","GET /region","docs/PRD.md",120,132,4,"
#### GET /region
返回当前监控区域坐标。
```json
{
  ""x"": 1520,
  ""y"": 780,
  ""width"": 800,
  ""height"": 600,
  ""mode"": ""region"",
  ""timestamp"": 1648123456.789
}
```

#### POST /click
点击指定坐标。
```json","h4"
"Section:docs/PRD.md:L133:POST /click","POST /click","docs/PRD.md",133,150,4,"
#### POST /click
点击指定坐标。
```json
// 请求
{
  ""x"": 500,
  ""y"": 300,
  ""button"": ""left"",    // left | right | middle
  ""clicks"": 1,          // 1 = 单击, 2 = 双击
  ""delay"": 0            // 延迟秒数
}
// 响应
{
  ""success"": true,
  ""clicked"": [500, 300]
}
```

#### POST /drag
拖拽操作。
```json","h4"
"Section:docs/PRD.md:L151:POST /drag","POST /drag","docs/PRD.md",151,163,4,"
#### POST /drag
拖拽操作。
```json
// 请求
{
  ""start_x"": 100,
  ""start_y"": 100,
  ""end_x"": 300,
  ""end_y"": 200,
  ""duration"": 0.5
}
```

#### POST /hotkey
组合键。
```json","h4"
"Section:docs/PRD.md:L164:POST /hotkey","POST /hotkey","docs/PRD.md",164,172,4,"
#### POST /hotkey
组合键。
```json
// 请求
{
  ""keys"": [""ctrl"", ""c""]
}
```

#### POST /typewrite
输入文本。
```json","h4"
"Section:docs/PRD.md:L173:POST /typewrite","POST /typewrite","docs/PRD.md",173,184,4,"
#### POST /typewrite
输入文本。
```json
// 请求
{
  ""text"": ""Hello World"",
  ""interval"": 0.1
}
```

---

## 5. 使用场景

### 5.1 场景一：自动化测试","h4"
"Section:docs/PRD.md:L185:5. 使用场景","5. 使用场景","docs/PRD.md",185,205,2,"
## 5. 使用场景

### 5.1 场景一：自动化测试
1. 启动 GUI Monitor
2. 拖拽选择要测试的区域
3. 通过 API 获取区域截图
4. 使用 pyautogui 进行自动化操作

### 5.2 场景二：Claude Code 操作
1. 启动 GUI Monitor
2. Claude Code 通过 `/region` 获取当前区域
3. Claude Code 通过 `/screenshot` 获取截图分析
4. Claude Code 通过 `/click`、`/typewrite` 等操作屏幕

### 5.3 场景三：RPA 脚本
1. 启动 GUI Monitor
2. 读取 `region.json` 获取监控区域
3. 使用 pyautogui 在区域内操作

---

## 6. 后续规划

### 6.1 短期优化","h2"
"Section:docs/PRD.md:L187:5.1 场景一：自动化测试","5.1 场景一：自动化测试","docs/PRD.md",187,192,3,"
### 5.1 场景一：自动化测试
1. 启动 GUI Monitor
2. 拖拽选择要测试的区域
3. 通过 API 获取区域截图
4. 使用 pyautogui 进行自动化操作

### 5.2 场景二：Claude Code 操作
1. 启动 GUI Monitor
2. Claude Code 通过 `/region` 获取当前区域","h3"
"Section:docs/PRD.md:L193:5.2 场景二：Claude Code 操作","5.2 场景二：Claude Code 操作","docs/PRD.md",193,198,3,"
### 5.2 场景二：Claude Code 操作
1. 启动 GUI Monitor
2. Claude Code 通过 `/region` 获取当前区域
3. Claude Code 通过 `/screenshot` 获取截图分析
4. Claude Code 通过 `/click`、`/typewrite` 等操作屏幕

### 5.3 场景三：RPA 脚本
1. 启动 GUI Monitor
2. 读取 `region.json` 获取监控区域","h3"
"Section:docs/PRD.md:L199:5.3 场景三：RPA 脚本","5.3 场景三：RPA 脚本","docs/PRD.md",199,205,3,"
### 5.3 场景三：RPA 脚本
1. 启动 GUI Monitor
2. 读取 `region.json` 获取监控区域
3. 使用 pyautogui 在区域内操作

---

## 6. 后续规划

### 6.1 短期优化","h3"
"Section:docs/PRD.md:L206:6. 后续规划","6. 后续规划","docs/PRD.md",206,224,2,"
## 6. 后续规划

### 6.1 短期优化
- [ ] 添加系统托盘图标
- [ ] 支持多显示器
- [ ] 添加快捷键支持

### 6.2 中期功能
- [ ] OCR 文字识别
- [ ] 图像匹配点击
- [ ] 录制/回放操作

### 6.3 长期规划
- [ ] 跨平台支持（macOS/Linux）
- [ ] 云端 API 服务
- [ ] AI 自动化助手

---

## 7. 更新日志

### v0.1.0 (2025-03-25)","h2"
"Section:docs/PRD.md:L208:6.1 短期优化","6.1 短期优化","docs/PRD.md",208,212,3,"
### 6.1 短期优化
- [ ] 添加系统托盘图标
- [ ] 支持多显示器
- [ ] 添加快捷键支持

### 6.2 中期功能
- [ ] OCR 文字识别
- [ ] 图像匹配点击","h3"
"Section:docs/PRD.md:L213:6.2 中期功能","6.2 中期功能","docs/PRD.md",213,217,3,"
### 6.2 中期功能
- [ ] OCR 文字识别
- [ ] 图像匹配点击
- [ ] 录制/回放操作

### 6.3 长期规划
- [ ] 跨平台支持（macOS/Linux）
- [ ] 云端 API 服务","h3"
"Section:docs/PRD.md:L218:6.3 长期规划","6.3 长期规划","docs/PRD.md",218,224,3,"
### 6.3 长期规划
- [ ] 跨平台支持（macOS/Linux）
- [ ] 云端 API 服务
- [ ] AI 自动化助手

---

## 7. 更新日志

### v0.1.0 (2025-03-25)","h3"
"Section:docs/PRD.md:L225:7. 更新日志","7. 更新日志","docs/PRD.md",225,232,2,"
## 7. 更新日志

### v0.1.0 (2025-03-25)
- 初始版本
- 实现区域选择窗口
- 实现 HTTP API
- 实现透明边框方案（解决 DPI 和闪烁问题）
","h2"
"Section:docs/PRD.md:L227:v0.1.0 (2025-03-25)","v0.1.0 (2025-03-25)","docs/PRD.md",227,232,3,"
### v0.1.0 (2025-03-25)
- 初始版本
- 实现区域选择窗口
- 实现 HTTP API
- 实现透明边框方案（解决 DPI 和闪烁问题）
","h3"
